Id,ActivityTypeOrg,ActivityType,Executable,DisplayText,ContentInfo,Payload,ClipboardPayload,StartTime,EndTime,Duration,LastModifiedTime,LastModifiedTimeOnClient,CreatedTime,ExpirationTime,OperationExpirationTime,OperationOrder,AppId,OperationType,Description,PlatformDeviceId,DevicePlatform,TimeZone
55ca5fe2-4c50-79d1-a4e8-8787a8ea3990,5,ExecuteOpen,MSEdge,Microsoft Edge,,"{""displayText"":""Microsoft Edge"",""activationUri"":""ms-shellactivity:"",""appDisplayName"":""Microsoft Edge"",""backgroundColor"":""black""}",,2025-06-03 12:47:42,,,2025-06-03 12:47:42,2025-06-04 12:32:30,2025-06-04 12:32:30,2025-07-04 12:32:30,2025-07-04 12:32:30,1,"[{""application"":""MSEdge"",""platform"":""windows_win32""},{""application"":""MSEdge"",""platform"":""packageId""},{""application"":"""",""platform"":""alternateId""}]",1,,yKkaAqUvs/IS/KZSmJJ1jiAcGNCQ7e/O3LIeT2rt58c=,,
87fd8f42-5e97-7b4e-0ceb-390bb143d803,5,ExecuteOpen,Microsoft.Windows.Explorer,File Explorer,,"{""displayText"":""File Explorer"",""activationUri"":""ms-shellactivity:"",""appDisplayName"":""File Explorer"",""backgroundColor"":""black""}",,2025-06-04 11:10:17,,,2025-06-04 11:10:17,2025-06-04 12:32:30,2025-06-04 12:32:30,2025-07-04 12:32:30,2025-07-04 12:32:30,2,"[{""application"":""Microsoft.Windows.Explorer"",""platform"":""windows_win32""},{""application"":""Microsoft.Windows.Explorer"",""platform"":""packageId""},{""application"":"""",""platform"":""alternateId""}]",1,,yKkaAqUvs/IS/KZSmJJ1jiAcGNCQ7e/O3LIeT2rt58c=,,
0a638179-a05f-ee16-a9bc-2975763f7405,5,ExecuteOpen,D:\setup64.exe,setup64.exe,,"{""displayText"":""setup64.exe"",""activationUri"":""ms-shellactivity:"",""appDisplayName"":""setup64.exe"",""backgroundColor"":""black""}",,2025-06-04 11:10:24,,,2025-06-04 11:10:24,2025-06-04 12:32:30,2025-06-04 12:32:30,2025-07-04 12:32:30,2025-07-04 12:32:30,3,"[{""application"":""D:\\setup64.exe"",""platform"":""x_exe_path""},{""application"":""D:\\setup64.exe"",""platform"":""packageId""},{""application"":"""",""platform"":""alternateId""}]",1,,yKkaAqUvs/IS/KZSmJJ1jiAcGNCQ7e/O3LIeT2rt58c=,,
bbd21b0d-161d-e2a2-103c-4e621426ff95,6,InFocus,D:\setup64.exe,,,"{""type"":""UserEngaged"",""reportingApp"":""ShellActivityMonitor"",""activeDurationSeconds"":2,""shellContentDescription"":{""MergedGap"":600,""ActivityEngagementFlags"":1},""userTimezone"":""America/Los_Angeles""}",,2025-06-04 11:10:23,2025-06-04 11:10:25,00:00:02,2025-06-04 11:10:25,2025-06-04 12:32:30,2025-06-04 12:32:30,2025-07-04 12:32:30,2025-07-04 12:32:30,4,"[{""application"":""D:\\setup64.exe"",""platform"":""x_exe_path""},{""application"":""D:\\setup64.exe"",""platform"":""packageId""},{""application"":"""",""platform"":""alternateId""}]",1,,yKkaAqUvs/IS/KZSmJJ1jiAcGNCQ7e/O3LIeT2rt58c=,,America/Los_Angeles
0e6da2bc-61ef-08ae-7ef2-e28d2d8b886a,6,InFocus,Microsoft.Windows.Explorer,,,"{""type"":""UserEngaged"",""reportingApp"":""ShellActivityMonitor"",""activeDurationSeconds"":8,""shellContentDescription"":{""MergedGap"":600,""ActivityEngagementFlags"":1},""userTimezone"":""America/Los_Angeles""}",,2025-06-04 11:10:17,2025-06-04 11:10:34,00:00:17,2025-06-04 11:10:23,2025-06-04 12:32:30,2025-06-04 12:32:30,2025-07-04 12:32:30,2025-07-04 12:32:30,5,"[{""application"":""Microsoft.Windows.Explorer"",""platform"":""windows_win32""},{""application"":""Microsoft.Windows.Explorer"",""platform"":""packageId""},{""application"":"""",""platform"":""alternateId""}]",1,,yKkaAqUvs/IS/KZSmJJ1jiAcGNCQ7e/O3LIeT2rt58c=,,America/Los_Angeles
1c5ffbc7-48e9-36af-14a4-91a3e81bebec,5,ExecuteOpen,Microsoft.Windows.WindowsInstaller,Microsoft.Windows.WindowsInstaller,,"{""displayText"":""Microsoft.Windows.WindowsInstaller"",""activationUri"":""ms-shellactivity:"",""appDisplayName"":""Microsoft.Windows.WindowsInstaller"",""backgroundColor"":""black""}",,2025-06-04 11:10:34,,,2025-06-04 11:10:34,2025-06-04 12:32:30,2025-06-04 12:32:30,2025-07-04 12:32:30,2025-07-04 12:32:30,6,"[{""application"":""Microsoft.Windows.WindowsInstaller"",""platform"":""x_exe_path""},{""application"":""Microsoft.Windows.WindowsInstaller"",""platform"":""packageId""},{""application"":"""",""platform"":""alternateId""}]",1,,yKkaAqUvs/IS/KZSmJJ1jiAcGNCQ7e/O3LIeT2rt58c=,,
3e8b8a09-f007-c5e1-1770-e99a70dd053c,6,InFocus,D:\setup64.exe,,,"{""type"":""UserEngaged"",""reportingApp"":""ShellActivityMonitor"",""activeDurationSeconds"":2,""shellContentDescription"":{""MergedGap"":600,""ActivityEngagementFlags"":1},""userTimezone"":""America/Los_Angeles""}",,2025-06-04 11:10:36,2025-06-04 11:10:38,00:00:02,2025-06-04 11:10:38,2025-06-04 12:32:30,2025-06-04 12:32:30,2025-07-04 12:32:30,2025-07-04 12:32:30,7,"[{""application"":""D:\\setup64.exe"",""platform"":""x_exe_path""},{""application"":""D:\\setup64.exe"",""platform"":""packageId""},{""application"":"""",""platform"":""alternateId""}]",1,,yKkaAqUvs/IS/KZSmJJ1jiAcGNCQ7e/O3LIeT2rt58c=,,America/Los_Angeles
6fea07eb-3f97-4659-91cf-83484b9a722e,6,InFocus,D:\setup64.exe,,,"{""type"":""UserEngaged"",""reportingApp"":""ShellActivityMonitor"",""activeDurationSeconds"":30,""shellContentDescription"":{""MergedGap"":600,""ActivityEngagementFlags"":1},""userTimezone"":""America/Los_Angeles""}",,2025-06-04 11:10:40,2025-06-04 11:11:21,00:00:41,2025-06-04 11:11:01,2025-06-04 12:32:30,2025-06-04 12:32:30,2025-07-04 12:32:30,2025-07-04 12:32:30,8,"[{""application"":""D:\\setup64.exe"",""platform"":""x_exe_path""},{""application"":""D:\\setup64.exe"",""platform"":""packageId""},{""application"":"""",""platform"":""alternateId""}]",1,,yKkaAqUvs/IS/KZSmJJ1jiAcGNCQ7e/O3LIeT2rt58c=,,America/Los_Angeles
0e0b2dfe-724a-569c-fbb4-57ba39ea72a3,5,ExecuteOpen,Microsoft.AutoGenerated.{923DD477-5846-686B-A659-0FCCD73851A8},Task Manager,,"{""displayText"":""Task Manager"",""activationUri"":""ms-shellactivity:"",""appDisplayName"":""Task Manager"",""backgroundColor"":""black""}",,2025-06-04 11:13:02,,,2025-06-04 11:13:02,2025-06-04 12:32:30,2025-06-04 12:32:30,2025-07-04 12:32:30,2025-07-04 12:32:30,9,"[{""application"":""Microsoft.AutoGenerated.{923DD477-5846-686B-A659-0FCCD73851A8}"",""platform"":""windows_win32""},{""application"":""Microsoft.AutoGenerated.{923DD477-5846-686B-A659-0FCCD73851A8}"",""platform"":""packageId""},{""application"":"""",""platform"":""alternateId""}]",1,,yKkaAqUvs/IS/KZSmJJ1jiAcGNCQ7e/O3LIeT2rt58c=,,
8493f19b-557d-1fb3-798c-7ca20b2304a9,6,InFocus,Microsoft.AutoGenerated.{923DD477-5846-686B-A659-0FCCD73851A8},,,"{""type"":""UserEngaged"",""reportingApp"":""ShellActivityMonitor"",""activeDurationSeconds"":81,""shellContentDescription"":{""MergedGap"":600,""ActivityEngagementFlags"":3},""userTimezone"":""America/Los_Angeles""}",,2025-06-04 11:13:02,2025-06-04 11:14:32,00:01:30,2025-06-04 11:14:04,2025-06-04 12:32:30,2025-06-04 12:32:30,2025-07-04 12:32:30,2025-07-04 12:32:30,10,"[{""application"":""Microsoft.AutoGenerated.{923DD477-5846-686B-A659-0FCCD73851A8}"",""platform"":""windows_win32""},{""application"":""Microsoft.AutoGenerated.{923DD477-5846-686B-A659-0FCCD73851A8}"",""platform"":""packageId""},{""application"":"""",""platform"":""alternateId""}]",1,,yKkaAqUvs/IS/KZSmJJ1jiAcGNCQ7e/O3LIeT2rt58c=,,America/Los_Angeles
e0f8e672-3cb5-2930-07d7-204a529fb536,6,InFocus,Microsoft.Windows.Explorer,,,"{""type"":""UserEngaged"",""reportingApp"":""ShellActivityMonitor"",""activeDurationSeconds"":3,""shellContentDescription"":{""MergedGap"":600,""ActivityEngagementFlags"":1},""userTimezone"":""America/Los_Angeles""}",,2025-06-04 11:15:52,2025-06-04 11:15:55,00:00:03,2025-06-04 11:15:55,2025-06-04 12:32:30,2025-06-04 12:32:30,2025-07-04 12:32:30,2025-07-04 12:32:30,11,"[{""application"":""Microsoft.Windows.Explorer"",""platform"":""windows_win32""},{""application"":""Microsoft.Windows.Explorer"",""platform"":""packageId""},{""application"":"""",""platform"":""alternateId""}]",1,,yKkaAqUvs/IS/KZSmJJ1jiAcGNCQ7e/O3LIeT2rt58c=,,America/Los_Angeles
e345c7cb-96b0-b0a0-0de3-a2e7d8255673,5,ExecuteOpen,Microsoft.549981C3F5F10_8wekyb3d8bbwe!App,Cortana,,"{""displayText"":""Cortana"",""activationUri"":""ms-shellactivity:"",""appDisplayName"":""Cortana"",""backgroundColor"":""black""}",,2025-06-04 11:16:13,,,2025-06-04 11:16:13,2025-06-04 12:32:30,2025-06-04 12:32:30,2025-07-04 12:32:30,2025-07-04 12:32:30,12,"[{""application"":""Microsoft.549981C3F5F10_8wekyb3d8bbwe!App"",""platform"":""windows_universal""},{""application"":""Microsoft.549981C3F5F10_8wekyb3d8bbwe!App"",""platform"":""packageId""},{""application"":"""",""platform"":""alternateId""}]",1,,yKkaAqUvs/IS/KZSmJJ1jiAcGNCQ7e/O3LIeT2rt58c=,,
6b07107a-6811-7389-f1f0-2220e625d777,5,ExecuteOpen,windows.immersivecontrolpanel_cw5n1h2txyewy!microsoft.windows.immersivecontrolpanel,Settings,,"{""displayText"":""Settings"",""activationUri"":""ms-shellactivity:"",""appDisplayName"":""Settings"",""backgroundColor"":""black""}",,2025-06-04 11:16:21,,,2025-06-04 11:16:21,2025-06-04 12:32:30,2025-06-04 12:32:30,2025-07-04 12:32:30,2025-07-04 12:32:30,13,"[{""application"":""windows.immersivecontrolpanel_cw5n1h2txyewy!microsoft.windows.immersivecontrolpanel"",""platform"":""windows_universal""},{""application"":""windows.immersivecontrolpanel_cw5n1h2txyewy!microsoft.windows.immersivecontrolpanel"",""platform"":""packageId""},{""application"":"""",""platform"":""alternateId""}]",1,,yKkaAqUvs/IS/KZSmJJ1jiAcGNCQ7e/O3LIeT2rt58c=,,
6b07abb4-7c23-e150-92a0-6df37769eae8,6,InFocus,windows.immersivecontrolpanel_cw5n1h2txyewy!microsoft.windows.immersivecontrolpanel,,,"{""type"":""UserEngaged"",""reportingApp"":""ShellActivityMonitor"",""activeDurationSeconds"":13,""shellContentDescription"":{""MergedGap"":600,""ActivityEngagementFlags"":3},""userTimezone"":""America/Los_Angeles""}",,2025-06-04 11:16:20,2025-06-04 11:16:33,00:00:13,2025-06-04 11:16:33,2025-06-04 12:32:30,2025-06-04 12:32:30,2025-07-04 12:32:30,2025-07-04 12:32:30,14,"[{""application"":""windows.immersivecontrolpanel_cw5n1h2txyewy!microsoft.windows.immersivecontrolpanel"",""platform"":""windows_universal""},{""application"":""windows.immersivecontrolpanel_cw5n1h2txyewy!microsoft.windows.immersivecontrolpanel"",""platform"":""packageId""},{""application"":"""",""platform"":""alternateId""}]",1,,yKkaAqUvs/IS/KZSmJJ1jiAcGNCQ7e/O3LIeT2rt58c=,,America/Los_Angeles
2e2b8833-8847-5cea-ee08-fca0ef07b206,6,InFocus,Microsoft.Windows.Explorer,,,"{""type"":""UserEngaged"",""reportingApp"":""ShellActivityMonitor"",""activeDurationSeconds"":26,""shellContentDescription"":{""MergedGap"":600,""ActivityEngagementFlags"":1},""userTimezone"":""America/Los_Angeles""}",,2025-06-04 11:15:55,2025-06-04 11:16:49,00:00:54,2025-06-04 11:16:01,2025-06-04 12:32:30,2025-06-04 12:32:30,2025-07-04 12:32:30,2025-07-04 12:32:30,15,"[{""application"":""Microsoft.Windows.Explorer"",""platform"":""windows_win32""},{""application"":""Microsoft.Windows.Explorer"",""platform"":""packageId""},{""application"":"""",""platform"":""alternateId""}]",1,,yKkaAqUvs/IS/KZSmJJ1jiAcGNCQ7e/O3LIeT2rt58c=,,America/Los_Angeles
9d165434-a8f2-44d0-ae95-752789040062,5,ExecuteOpen,System\notepad.exe,Notepad,,"{""displayText"":""Notepad"",""activationUri"":""ms-shellactivity:"",""appDisplayName"":""Notepad"",""backgroundColor"":""black""}",,2025-06-04 11:17:50,,,2025-06-04 11:17:50,2025-06-04 12:32:30,2025-06-04 12:32:30,2025-07-04 12:32:30,2025-07-04 12:32:30,16,"[{""application"":""{1AC14E77-02E7-4E5D-B744-2EB1AE5198B7}\\notepad.exe"",""platform"":""windows_win32""},{""application"":""{D65231B0-B2F1-4857-A4CE-A8E7C6EA7D27}\\notepad.exe"",""platform"":""windows_win32""},{""application"":""{1AC14E77-02E7-4E5D-B744-2EB1AE5198B7}\\notepad.exe"",""platform"":""packageId""},{""application"":"""",""platform"":""alternateId""}]",1,,yKkaAqUvs/IS/KZSmJJ1jiAcGNCQ7e/O3LIeT2rt58c=,,
08ca9352-d21b-9712-35c8-4629df047fbe,5,ExecuteOpen,System\notepad.exe,powershell.ps1 (Notepad),C:\Users\Machine\Desktop\powershell.ps1 (file:Unmapped GUID: //C:/Users/Machine/Desktop/powershel.ps1?VolumeId={D01D9D6C-C3EB-49FF-8F5D-5368B0A86347}&ObjectId={B9A44F06-4134-11F0-8E24-000C290DF0E0}&KnownFolderId=ThisPCDesktopFolder&KnownFolderLength=24),"{""displayText"":""powershell.ps1"",""activationUri"":""ms-shellactivity:"",""appDisplayName"":""Notepad"",""description"":""C:\\Users\\Machine\\Desktop\\powershell.ps1"",""backgroundColor"":""black"",""contentUri"":""file:///C:/Users/Machine/Desktop/powershell.ps1?VolumeId={D01D9D6C-C3EB-49FF-8F5D-5368B0A86347}&ObjectId={B9A44F06-4134-11F0-8E24-000C290DF0E0}&KnownFolderId=ThisPCDesktopFolder&KnownFolderLength=24""}",,2025-06-04 11:19:32,,,2025-06-04 11:19:32,2025-06-04 12:32:30,2025-06-04 12:32:30,2025-07-04 12:32:30,2025-07-04 12:32:30,17,"[{""application"":""{1AC14E77-02E7-4E5D-B744-2EB1AE5198B7}\\notepad.exe"",""platform"":""windows_win32""},{""application"":""{D65231B0-B2F1-4857-A4CE-A8E7C6EA7D27}\\notepad.exe"",""platform"":""windows_win32""},{""application"":""{1AC14E77-02E7-4E5D-B744-2EB1AE5198B7}\\notepad.exe"",""platform"":""packageId""},{""application"":"""",""platform"":""alternateId""}]",1,,yKkaAqUvs/IS/KZSmJJ1jiAcGNCQ7e/O3LIeT2rt58c=,,
dd6caf9e-8808-4ff2-a249-15de238568ca,6,InFocus,System\notepad.exe,,,"{""type"":""UserEngaged"",""reportingApp"":""ShellActivityMonitor"",""activeDurationSeconds"":99,""shellContentDescription"":{""MergedGap"":600,""ActivityEngagementFlags"":3},""userTimezone"":""America/Los_Angeles""}",,2025-06-04 11:17:50,2025-06-04 11:19:32,00:01:42,2025-06-04 11:19:11,2025-06-04 12:32:30,2025-06-04 12:32:30,2025-07-04 12:32:30,2025-07-04 12:32:30,18,"[{""application"":""{1AC14E77-02E7-4E5D-B744-2EB1AE5198B7}\\notepad.exe"",""platform"":""windows_win32""},{""application"":""{D65231B0-B2F1-4857-A4CE-A8E7C6EA7D27}\\notepad.exe"",""platform"":""windows_win32""},{""application"":""{1AC14E77-02E7-4E5D-B744-2EB1AE5198B7}\\notepad.exe"",""platform"":""packageId""},{""application"":"""",""platform"":""alternateId""}]",1,,yKkaAqUvs/IS/KZSmJJ1jiAcGNCQ7e/O3LIeT2rt58c=,,America/Los_Angeles
568f377a-a3de-0c02-07d8-ea09e56cc2a4,6,InFocus,System\notepad.exe,,,"{""type"":""UserEngaged"",""reportingApp"":""ShellActivityMonitor"",""activeDurationSeconds"":3,""shellContentDescription"":{""MergedGap"":600,""ActivityEngagementFlags"":3},""userTimezone"":""America/Los_Angeles""}",,2025-06-04 11:19:32,2025-06-04 11:19:35,00:00:03,2025-06-04 11:19:32,2025-06-04 12:32:30,2025-06-04 12:32:30,2025-07-04 12:32:30,2025-07-04 12:32:30,19,"[{""application"":""{1AC14E77-02E7-4E5D-B744-2EB1AE5198B7}\\notepad.exe"",""platform"":""windows_win32""},{""application"":""{D65231B0-B2F1-4857-A4CE-A8E7C6EA7D27}\\notepad.exe"",""platform"":""windows_win32""},{""application"":""{1AC14E77-02E7-4E5D-B744-2EB1AE5198B7}\\notepad.exe"",""platform"":""packageId""},{""application"":"""",""platform"":""alternateId""}]",1,,yKkaAqUvs/IS/KZSmJJ1jiAcGNCQ7e/O3LIeT2rt58c=,,America/Los_Angeles
4683a6b9-b056-597f-e27b-50389589d56e,5,ExecuteOpen,System\WindowsPowerShell\v1.0\powershell.exe,Windows PowerShell,,"{""displayText"":""Windows PowerShell"",""activationUri"":""ms-shellactivity:"",""appDisplayName"":""Windows PowerShell"",""backgroundColor"":""black""}",,2025-06-04 11:19:38,,,2025-06-04 11:19:38,2025-06-04 12:32:30,2025-06-04 12:32:30,2025-07-04 12:32:30,2025-07-04 12:32:30,20,"[{""application"":""{1AC14E77-02E7-4E5D-B744-2EB1AE5198B7}\\WindowsPowerShell\\v1.0\\powershell.exe"",""platform"":""windows_win32""},{""application"":""{D65231B0-B2F1-4857-A4CE-A8E7C6EA7D27}\\WindowsPowerShell\\v1.0\\powershell.exe"",""platform"":""windows_win32""},{""application"":""{1AC14E77-02E7-4E5D-B744-2EB1AE5198B7}\\WindowsPowerShell\\v1.0\\powershell.exe"",""platform"":""packageId""},{""application"":"""",""platform"":""alternateId""}]",1,,yKkaAqUvs/IS/KZSmJJ1jiAcGNCQ7e/O3LIeT2rt58c=,,
bad305d3-0de0-3b3a-9cde-bf4a4c28e79b,6,InFocus,System\WindowsPowerShell\v1.0\powershell.exe,,,"{""type"":""UserEngaged"",""reportingApp"":""ShellActivityMonitor"",""activeDurationSeconds"":5,""shellContentDescription"":{""MergedGap"":600,""ActivityEngagementFlags"":3},""userTimezone"":""America/Los_Angeles""}",,2025-06-04 11:19:38,2025-06-04 11:19:43,00:00:05,2025-06-04 11:19:43,2025-06-04 12:32:30,2025-06-04 12:32:30,2025-07-04 12:32:30,2025-07-04 12:32:30,21,"[{""application"":""{1AC14E77-02E7-4E5D-B744-2EB1AE5198B7}\\WindowsPowerShell\\v1.0\\powershell.exe"",""platform"":""windows_win32""},{""application"":""{D65231B0-B2F1-4857-A4CE-A8E7C6EA7D27}\\WindowsPowerShell\\v1.0\\powershell.exe"",""platform"":""windows_win32""},{""application"":""{1AC14E77-02E7-4E5D-B744-2EB1AE5198B7}\\WindowsPowerShell\\v1.0\\powershell.exe"",""platform"":""packageId""},{""application"":"""",""platform"":""alternateId""}]",1,,yKkaAqUvs/IS/KZSmJJ1jiAcGNCQ7e/O3LIeT2rt58c=,,America/Los_Angeles
45d606dc-3526-fae9-2ccd-84c475ae88ab,6,InFocus,Microsoft.Windows.Explorer,,,"{""type"":""UserEngaged"",""reportingApp"":""ShellActivityMonitor"",""activeDurationSeconds"":62,""shellContentDescription"":{""MergedGap"":600,""ActivityEngagementFlags"":1},""userTimezone"":""America/Los_Angeles""}",,2025-06-04 11:16:49,2025-06-04 11:19:51,00:03:02,2025-06-04 11:17:41,2025-06-04 12:32:30,2025-06-04 12:32:30,2025-07-04 12:32:30,2025-07-04 12:32:30,22,"[{""application"":""Microsoft.Windows.Explorer"",""platform"":""windows_win32""},{""application"":""Microsoft.Windows.Explorer"",""platform"":""packageId""},{""application"":"""",""platform"":""alternateId""}]",1,,yKkaAqUvs/IS/KZSmJJ1jiAcGNCQ7e/O3LIeT2rt58c=,,America/Los_Angeles
ff3bce26-a72e-df75-bb63-ef663e54d0b8,6,InFocus,MSEdge,,,"{""type"":""UserEngaged"",""reportingApp"":""ShellActivityMonitor"",""activeDurationSeconds"":7,""shellContentDescription"":{""MergedGap"":600,""ActivityEngagementFlags"":1},""userTimezone"":""America/Los_Angeles""}",,2025-06-04 11:20:11,2025-06-04 11:20:19,00:00:08,2025-06-04 11:20:19,2025-06-04 12:32:30,2025-06-04 12:32:30,2025-07-04 12:32:30,2025-07-04 12:32:30,23,"[{""application"":""MSEdge"",""platform"":""windows_win32""},{""application"":""MSEdge"",""platform"":""packageId""},{""application"":"""",""platform"":""alternateId""}]",1,,yKkaAqUvs/IS/KZSmJJ1jiAcGNCQ7e/O3LIeT2rt58c=,,America/Los_Angeles
1268c42b-d396-c672-968a-e1fe923da5e8,5,ExecuteOpen,C:\Users\Machine\Downloads\ChromeSetup.exe,ChromeSetup.exe,,"{""displayText"":""ChromeSetup.exe"",""activationUri"":""ms-shellactivity:"",""appDisplayName"":""ChromeSetup.exe"",""backgroundColor"":""black""}",,2025-06-04 11:20:41,,,2025-06-04 11:20:41,2025-06-04 12:32:30,2025-06-04 12:32:30,2025-07-04 12:32:30,2025-07-04 12:32:30,24,"[{""application"":""C:\\Users\\Machine\\Downloads\\ChromeSetup.exe"",""platform"":""x_exe_path""},{""application"":""C:\\Users\\Machine\\Downloads\\ChromeSetup.exe"",""platform"":""packageId""},{""application"":"""",""platform"":""alternateId""}]",1,,yKkaAqUvs/IS/KZSmJJ1jiAcGNCQ7e/O3LIeT2rt58c=,,
f28d72d1-5e4c-ee95-a5cd-1d286e5f2ec6,5,ExecuteOpen,C:\Users\Machine\AppData\Local\Temp\Google840_2092829951\bin\updater.exe,updater.exe,,"{""displayText"":""updater.exe"",""activationUri"":""ms-shellactivity:"",""appDisplayName"":""updater.exe"",""backgroundColor"":""black""}",,2025-06-04 11:20:41,,,2025-06-04 11:20:41,2025-06-04 12:32:30,2025-06-04 12:32:30,2025-07-04 12:32:30,2025-07-04 12:32:30,25,"[{""application"":""C:\\Users\\Machine\\AppData\\Local\\Temp\\Google840_2092829951\\bin\\updater.exe"",""platform"":""x_exe_path""},{""application"":""C:\\Users\\Machine\\AppData\\Local\\Temp\\Google840_2092829951\\bin\\updater.exe"",""platform"":""packageId""},{""application"":"""",""platform"":""alternateId""}]",1,,yKkaAqUvs/IS/KZSmJJ1jiAcGNCQ7e/O3LIeT2rt58c=,,
5929e9ba-4f98-185c-eeb7-4301a15e299d,6,InFocus,C:\Users\Machine\AppData\Local\Temp\Google840_2092829951\bin\updater.exe,,,"{""type"":""UserEngaged"",""reportingApp"":""ShellActivityMonitor"",""activeDurationSeconds"":17,""shellContentDescription"":{""MergedGap"":600,""ActivityEngagementFlags"":1},""userTimezone"":""America/Los_Angeles""}",,2025-06-04 11:20:41,2025-06-04 11:20:58,00:00:17,2025-06-04 11:20:58,2025-06-04 12:32:30,2025-06-04 12:32:30,2025-07-04 12:32:30,2025-07-04 12:32:30,26,"[{""application"":""C:\\Users\\Machine\\AppData\\Local\\Temp\\Google840_2092829951\\bin\\updater.exe"",""platform"":""x_exe_path""},{""application"":""C:\\Users\\Machine\\AppData\\Local\\Temp\\Google840_2092829951\\bin\\updater.exe"",""platform"":""packageId""},{""application"":"""",""platform"":""alternateId""}]",1,,yKkaAqUvs/IS/KZSmJJ1jiAcGNCQ7e/O3LIeT2rt58c=,,America/Los_Angeles
11b61b10-3c65-ee8f-439b-1594f8c600a6,6,InFocus,MSEdge,,,"{""type"":""UserEngaged"",""reportingApp"":""ShellActivityMonitor"",""activeDurationSeconds"":29,""shellContentDescription"":{""MergedGap"":600,""ActivityEngagementFlags"":1},""userTimezone"":""America/Los_Angeles""}",,2025-06-04 11:20:11,2025-06-04 11:21:09,00:00:58,2025-06-04 11:20:37,2025-06-04 12:32:30,2025-06-04 12:32:30,2025-07-04 12:32:30,2025-07-04 12:32:30,27,"[{""application"":""MSEdge"",""platform"":""windows_win32""},{""application"":""MSEdge"",""platform"":""packageId""},{""application"":"""",""platform"":""alternateId""}]",1,,yKkaAqUvs/IS/KZSmJJ1jiAcGNCQ7e/O3LIeT2rt58c=,,America/Los_Angeles
f212a08d-c0ae-0b28-42a4-9f6d61370bea,5,ExecuteOpen,Chrome,Chrome,,"{""displayText"":""Chrome"",""activationUri"":""ms-shellactivity:"",""appDisplayName"":""Chrome"",""backgroundColor"":""black""}",,2025-06-04 11:21:09,,,2025-06-04 11:21:09,2025-06-04 12:32:30,2025-06-04 12:32:30,2025-07-04 12:32:30,2025-07-04 12:32:30,28,"[{""application"":""Chrome"",""platform"":""x_exe_path""},{""application"":""Chrome"",""platform"":""packageId""},{""application"":"""",""platform"":""alternateId""}]",1,,yKkaAqUvs/IS/KZSmJJ1jiAcGNCQ7e/O3LIeT2rt58c=,,
1c0d18ac-7547-86f0-1e5f-ee9fa4fbbc46,6,InFocus,Chrome,,,"{""type"":""UserEngaged"",""reportingApp"":""ShellActivityMonitor"",""activeDurationSeconds"":2,""shellContentDescription"":{""MergedGap"":600,""ActivityEngagementFlags"":1},""userTimezone"":""America/Los_Angeles""}",,2025-06-04 11:21:09,2025-06-04 11:21:11,00:00:02,2025-06-04 11:21:11,2025-06-04 12:32:30,2025-06-04 12:32:30,2025-07-04 12:32:30,2025-07-04 12:32:30,29,"[{""application"":""Chrome"",""platform"":""x_exe_path""},{""application"":""Chrome"",""platform"":""packageId""},{""application"":"""",""platform"":""alternateId""}]",1,,yKkaAqUvs/IS/KZSmJJ1jiAcGNCQ7e/O3LIeT2rt58c=,,America/Los_Angeles
d0db63b3-080a-0990-3241-481df8a5fbc5,5,ExecuteOpen,Chrome,Google Chrome,,"{""displayText"":""Google Chrome"",""activationUri"":""ms-shellactivity:"",""appDisplayName"":""Google Chrome"",""backgroundColor"":""black""}",,2025-06-04 11:21:11,,,2025-06-04 11:21:11,2025-06-04 12:32:30,2025-06-04 12:32:30,2025-07-04 12:32:30,2025-07-04 12:32:30,30,"[{""application"":""Chrome"",""platform"":""windows_win32""},{""application"":""Chrome"",""platform"":""packageId""},{""application"":"""",""platform"":""alternateId""}]",1,,yKkaAqUvs/IS/KZSmJJ1jiAcGNCQ7e/O3LIeT2rt58c=,,
5f86b782-c426-298a-cf2b-9df5d2e87bf9,5,ExecuteOpen,System\WindowsPowerShell\v1.0\PowerShell_ISE.exe,Windows PowerShell ISE,,"{""displayText"":""Windows PowerShell ISE"",""activationUri"":""ms-shellactivity:"",""appDisplayName"":""Windows PowerShell ISE"",""backgroundColor"":""black""}",,2025-06-04 11:22:11,,,2025-06-04 11:22:11,2025-06-04 12:32:30,2025-06-04 12:32:30,2025-07-04 12:32:30,2025-07-04 12:32:30,31,"[{""application"":""{1AC14E77-02E7-4E5D-B744-2EB1AE5198B7}\\WindowsPowerShell\\v1.0\\PowerShell_ISE.exe"",""platform"":""windows_win32""},{""application"":""{D65231B0-B2F1-4857-A4CE-A8E7C6EA7D27}\\WindowsPowerShell\\v1.0\\PowerShell_ISE.exe"",""platform"":""windows_win32""},{""application"":""{1AC14E77-02E7-4E5D-B744-2EB1AE5198B7}\\WindowsPowerShell\\v1.0\\PowerShell_ISE.exe"",""platform"":""packageId""},{""application"":"""",""platform"":""alternateId""}]",1,,yKkaAqUvs/IS/KZSmJJ1jiAcGNCQ7e/O3LIeT2rt58c=,,
236597c6-08e7-cbd9-edfe-39103649b8c9,6,InFocus,System\WindowsPowerShell\v1.0\PowerShell_ISE.exe,,,"{""type"":""UserEngaged"",""reportingApp"":""ShellActivityMonitor"",""activeDurationSeconds"":9,""shellContentDescription"":{""MergedGap"":600,""ActivityEngagementFlags"":3},""userTimezone"":""America/Los_Angeles""}",,2025-06-04 11:22:11,2025-06-04 11:22:20,00:00:09,2025-06-04 11:22:20,2025-06-04 12:32:30,2025-06-04 12:32:30,2025-07-04 12:32:30,2025-07-04 12:32:30,32,"[{""application"":""{1AC14E77-02E7-4E5D-B744-2EB1AE5198B7}\\WindowsPowerShell\\v1.0\\PowerShell_ISE.exe"",""platform"":""windows_win32""},{""application"":""{D65231B0-B2F1-4857-A4CE-A8E7C6EA7D27}\\WindowsPowerShell\\v1.0\\PowerShell_ISE.exe"",""platform"":""windows_win32""},{""application"":""{1AC14E77-02E7-4E5D-B744-2EB1AE5198B7}\\WindowsPowerShell\\v1.0\\PowerShell_ISE.exe"",""platform"":""packageId""},{""application"":"""",""platform"":""alternateId""}]",1,,yKkaAqUvs/IS/KZSmJJ1jiAcGNCQ7e/O3LIeT2rt58c=,,America/Los_Angeles
b4e3f617-aa51-6b27-f260-4c018d60614e,6,InFocus,System\WindowsPowerShell\v1.0\powershell.exe,,,"{""type"":""UserEngaged"",""reportingApp"":""ShellActivityMonitor"",""activeDurationSeconds"":7,""shellContentDescription"":{""MergedGap"":600,""ActivityEngagementFlags"":3},""userTimezone"":""America/Los_Angeles""}",,2025-06-04 11:22:32,2025-06-04 11:22:39,00:00:07,2025-06-04 11:22:39,2025-06-04 12:32:30,2025-06-04 12:32:30,2025-07-04 12:32:30,2025-07-04 12:32:30,33,"[{""application"":""{1AC14E77-02E7-4E5D-B744-2EB1AE5198B7}\\WindowsPowerShell\\v1.0\\powershell.exe"",""platform"":""windows_win32""},{""application"":""{D65231B0-B2F1-4857-A4CE-A8E7C6EA7D27}\\WindowsPowerShell\\v1.0\\powershell.exe"",""platform"":""windows_win32""},{""application"":""{1AC14E77-02E7-4E5D-B744-2EB1AE5198B7}\\WindowsPowerShell\\v1.0\\powershell.exe"",""platform"":""packageId""},{""application"":"""",""platform"":""alternateId""}]",1,,yKkaAqUvs/IS/KZSmJJ1jiAcGNCQ7e/O3LIeT2rt58c=,,America/Los_Angeles
330d7ae4-0be5-c214-1714-23b211462a3f,6,InFocus,System\WindowsPowerShell\v1.0\PowerShell_ISE.exe,,,"{""type"":""UserEngaged"",""reportingApp"":""ShellActivityMonitor"",""activeDurationSeconds"":25,""shellContentDescription"":{""MergedGap"":600,""ActivityEngagementFlags"":3},""userTimezone"":""America/Los_Angeles""}",,2025-06-04 11:22:21,2025-06-04 11:22:53,00:00:32,2025-06-04 11:22:32,2025-06-04 12:32:30,2025-06-04 12:32:30,2025-07-04 12:32:30,2025-07-04 12:32:30,34,"[{""application"":""{1AC14E77-02E7-4E5D-B744-2EB1AE5198B7}\\WindowsPowerShell\\v1.0\\PowerShell_ISE.exe"",""platform"":""windows_win32""},{""application"":""{D65231B0-B2F1-4857-A4CE-A8E7C6EA7D27}\\WindowsPowerShell\\v1.0\\PowerShell_ISE.exe"",""platform"":""windows_win32""},{""application"":""{1AC14E77-02E7-4E5D-B744-2EB1AE5198B7}\\WindowsPowerShell\\v1.0\\PowerShell_ISE.exe"",""platform"":""packageId""},{""application"":"""",""platform"":""alternateId""}]",1,,yKkaAqUvs/IS/KZSmJJ1jiAcGNCQ7e/O3LIeT2rt58c=,,America/Los_Angeles
42e449b4-049c-ef00-9c11-df7967fb0543,6,InFocus,System\WindowsPowerShell\v1.0\powershell.exe,,,"{""type"":""UserEngaged"",""reportingApp"":""ShellActivityMonitor"",""activeDurationSeconds"":6,""shellContentDescription"":{""MergedGap"":600,""ActivityEngagementFlags"":3},""userTimezone"":""America/Los_Angeles""}",,2025-06-04 11:22:55,2025-06-04 11:23:01,00:00:06,2025-06-04 11:23:01,2025-06-04 12:32:30,2025-06-04 12:32:30,2025-07-04 12:32:30,2025-07-04 12:32:30,35,"[{""application"":""{1AC14E77-02E7-4E5D-B744-2EB1AE5198B7}\\WindowsPowerShell\\v1.0\\powershell.exe"",""platform"":""windows_win32""},{""application"":""{D65231B0-B2F1-4857-A4CE-A8E7C6EA7D27}\\WindowsPowerShell\\v1.0\\powershell.exe"",""platform"":""windows_win32""},{""application"":""{1AC14E77-02E7-4E5D-B744-2EB1AE5198B7}\\WindowsPowerShell\\v1.0\\powershell.exe"",""platform"":""packageId""},{""application"":"""",""platform"":""alternateId""}]",1,,yKkaAqUvs/IS/KZSmJJ1jiAcGNCQ7e/O3LIeT2rt58c=,,America/Los_Angeles
38c5ce22-d594-4e06-fc81-b4407565e87d,6,InFocus,System\WindowsPowerShell\v1.0\PowerShell_ISE.exe,,,"{""type"":""UserEngaged"",""reportingApp"":""ShellActivityMonitor"",""activeDurationSeconds"":9,""shellContentDescription"":{""MergedGap"":600,""ActivityEngagementFlags"":3},""userTimezone"":""America/Los_Angeles""}",,2025-06-04 11:23:11,2025-06-04 11:23:20,00:00:09,2025-06-04 11:23:20,2025-06-04 12:32:30,2025-06-04 12:32:30,2025-07-04 12:32:30,2025-07-04 12:32:30,36,"[{""application"":""{1AC14E77-02E7-4E5D-B744-2EB1AE5198B7}\\WindowsPowerShell\\v1.0\\PowerShell_ISE.exe"",""platform"":""windows_win32""},{""application"":""{D65231B0-B2F1-4857-A4CE-A8E7C6EA7D27}\\WindowsPowerShell\\v1.0\\PowerShell_ISE.exe"",""platform"":""windows_win32""},{""application"":""{1AC14E77-02E7-4E5D-B744-2EB1AE5198B7}\\WindowsPowerShell\\v1.0\\PowerShell_ISE.exe"",""platform"":""packageId""},{""application"":"""",""platform"":""alternateId""}]",1,,yKkaAqUvs/IS/KZSmJJ1jiAcGNCQ7e/O3LIeT2rt58c=,,America/Los_Angeles
d54f8b37-85cf-d0ac-ee91-9db69afc9487,6,InFocus,Chrome,,,"{""type"":""UserEngaged"",""reportingApp"":""ShellActivityMonitor"",""activeDurationSeconds"":214,""shellContentDescription"":{""MergedGap"":600,""ActivityEngagementFlags"":3},""userTimezone"":""America/Los_Angeles""}",,2025-06-04 11:21:11,2025-06-04 11:27:11,00:06:00,2025-06-04 11:22:00,2025-06-04 12:32:30,2025-06-04 12:32:30,2025-07-04 12:32:30,2025-07-04 12:32:30,43,"[{""application"":""Chrome"",""platform"":""windows_win32""},{""application"":""Chrome"",""platform"":""packageId""},{""application"":"""",""platform"":""alternateId""}]",1,,yKkaAqUvs/IS/KZSmJJ1jiAcGNCQ7e/O3LIeT2rt58c=,,America/Los_Angeles
c6980a37-6545-df23-2c69-77b8c81ae0bf,6,InFocus,System\WindowsPowerShell\v1.0\PowerShell_ISE.exe,,,"{""type"":""UserEngaged"",""reportingApp"":""ShellActivityMonitor"",""activeDurationSeconds"":60,""shellContentDescription"":{""MergedGap"":600,""ActivityEngagementFlags"":3},""userTimezone"":""America/Los_Angeles""}",,2025-06-04 11:23:21,2025-06-04 11:27:15,00:03:54,2025-06-04 11:23:37,2025-06-04 12:32:30,2025-06-04 12:32:30,2025-07-04 12:32:30,2025-07-04 12:32:30,44,"[{""application"":""{1AC14E77-02E7-4E5D-B744-2EB1AE5198B7}\\WindowsPowerShell\\v1.0\\PowerShell_ISE.exe"",""platform"":""windows_win32""},{""application"":""{D65231B0-B2F1-4857-A4CE-A8E7C6EA7D27}\\WindowsPowerShell\\v1.0\\PowerShell_ISE.exe"",""platform"":""windows_win32""},{""application"":""{1AC14E77-02E7-4E5D-B744-2EB1AE5198B7}\\WindowsPowerShell\\v1.0\\PowerShell_ISE.exe"",""platform"":""packageId""},{""application"":"""",""platform"":""alternateId""}]",1,,yKkaAqUvs/IS/KZSmJJ1jiAcGNCQ7e/O3LIeT2rt58c=,,America/Los_Angeles
fe2a0121-f92c-c387-fddb-404ab6b8636f,6,InFocus,System\WindowsPowerShell\v1.0\powershell.exe,,,"{""type"":""UserEngaged"",""reportingApp"":""ShellActivityMonitor"",""activeDurationSeconds"":8,""shellContentDescription"":{""MergedGap"":600,""ActivityEngagementFlags"":3},""userTimezone"":""America/Los_Angeles""}",,2025-06-04 11:27:18,2025-06-04 11:27:26,00:00:08,2025-06-04 11:27:26,2025-06-04 12:32:30,2025-06-04 12:32:30,2025-07-04 12:32:30,2025-07-04 12:32:30,45,"[{""application"":""{1AC14E77-02E7-4E5D-B744-2EB1AE5198B7}\\WindowsPowerShell\\v1.0\\powershell.exe"",""platform"":""windows_win32""},{""application"":""{D65231B0-B2F1-4857-A4CE-A8E7C6EA7D27}\\WindowsPowerShell\\v1.0\\powershell.exe"",""platform"":""windows_win32""},{""application"":""{1AC14E77-02E7-4E5D-B744-2EB1AE5198B7}\\WindowsPowerShell\\v1.0\\powershell.exe"",""platform"":""packageId""},{""application"":"""",""platform"":""alternateId""}]",1,,yKkaAqUvs/IS/KZSmJJ1jiAcGNCQ7e/O3LIeT2rt58c=,,America/Los_Angeles
93500192-2faa-f5ee-f79c-bef17dd9b194,6,InFocus,System\WindowsPowerShell\v1.0\PowerShell_ISE.exe,,,"{""type"":""UserEngaged"",""reportingApp"":""ShellActivityMonitor"",""activeDurationSeconds"":8,""shellContentDescription"":{""MergedGap"":600,""ActivityEngagementFlags"":3},""userTimezone"":""America/Los_Angeles""}",,2025-06-04 11:28:42,2025-06-04 11:28:50,00:00:08,2025-06-04 11:28:50,2025-06-04 12:32:30,2025-06-04 12:32:30,2025-07-04 12:32:30,2025-07-04 12:32:30,46,"[{""application"":""{1AC14E77-02E7-4E5D-B744-2EB1AE5198B7}\\WindowsPowerShell\\v1.0\\PowerShell_ISE.exe"",""platform"":""windows_win32""},{""application"":""{D65231B0-B2F1-4857-A4CE-A8E7C6EA7D27}\\WindowsPowerShell\\v1.0\\PowerShell_ISE.exe"",""platform"":""windows_win32""},{""application"":""{1AC14E77-02E7-4E5D-B744-2EB1AE5198B7}\\WindowsPowerShell\\v1.0\\PowerShell_ISE.exe"",""platform"":""packageId""},{""application"":"""",""platform"":""alternateId""}]",1,,yKkaAqUvs/IS/KZSmJJ1jiAcGNCQ7e/O3LIeT2rt58c=,,America/Los_Angeles
7765352f-d782-43af-ddb9-d9cb9ee815ef,6,InFocus,System\WindowsPowerShell\v1.0\powershell.exe,,,"{""type"":""UserEngaged"",""reportingApp"":""ShellActivityMonitor"",""activeDurationSeconds"":78,""shellContentDescription"":{""MergedGap"":600,""ActivityEngagementFlags"":1},""userTimezone"":""America/Los_Angeles""}",,2025-06-04 11:29:00,2025-06-04 11:30:18,00:01:18,2025-06-04 11:30:18,2025-06-04 12:32:30,2025-06-04 12:32:30,2025-07-04 12:32:30,2025-07-04 12:32:30,54,"[{""application"":""{1AC14E77-02E7-4E5D-B744-2EB1AE5198B7}\\WindowsPowerShell\\v1.0\\powershell.exe"",""platform"":""windows_win32""},{""application"":""{D65231B0-B2F1-4857-A4CE-A8E7C6EA7D27}\\WindowsPowerShell\\v1.0\\powershell.exe"",""platform"":""windows_win32""},{""application"":""{1AC14E77-02E7-4E5D-B744-2EB1AE5198B7}\\WindowsPowerShell\\v1.0\\powershell.exe"",""platform"":""packageId""},{""application"":"""",""platform"":""alternateId""}]",1,,yKkaAqUvs/IS/KZSmJJ1jiAcGNCQ7e/O3LIeT2rt58c=,,America/Los_Angeles
081a0955-3429-c2f1-8f89-a4f5d0e2aa1d,6,InFocus,System\WindowsPowerShell\v1.0\PowerShell_ISE.exe,,,"{""type"":""UserEngaged"",""reportingApp"":""ShellActivityMonitor"",""activeDurationSeconds"":22,""shellContentDescription"":{""MergedGap"":600,""ActivityEngagementFlags"":1},""userTimezone"":""America/Los_Angeles""}",,2025-06-04 11:28:51,2025-06-04 11:30:37,00:01:46,2025-06-04 11:28:58,2025-06-04 12:32:30,2025-06-04 12:32:30,2025-07-04 12:32:30,2025-07-04 12:32:30,55,"[{""application"":""{1AC14E77-02E7-4E5D-B744-2EB1AE5198B7}\\WindowsPowerShell\\v1.0\\PowerShell_ISE.exe"",""platform"":""windows_win32""},{""application"":""{D65231B0-B2F1-4857-A4CE-A8E7C6EA7D27}\\WindowsPowerShell\\v1.0\\PowerShell_ISE.exe"",""platform"":""windows_win32""},{""application"":""{1AC14E77-02E7-4E5D-B744-2EB1AE5198B7}\\WindowsPowerShell\\v1.0\\PowerShell_ISE.exe"",""platform"":""packageId""},{""application"":"""",""platform"":""alternateId""}]",1,,yKkaAqUvs/IS/KZSmJJ1jiAcGNCQ7e/O3LIeT2rt58c=,,America/Los_Angeles
3afc7527-dc84-9971-5b09-b0fe460c6ef9,6,InFocus,Microsoft.Windows.Explorer,,,"{""type"":""UserEngaged"",""reportingApp"":""ShellActivityMonitor"",""activeDurationSeconds"":172,""shellContentDescription"":{""MergedGap"":600,""ActivityEngagementFlags"":1},""userTimezone"":""America/Los_Angeles""}",,2025-06-04 11:14:05,2025-06-04 11:30:44,00:16:39,2025-06-04 11:14:13,2025-06-04 12:32:30,2025-06-04 12:32:30,2025-07-04 12:32:30,2025-07-04 12:32:30,56,"[{""application"":""Microsoft.Windows.Explorer"",""platform"":""windows_win32""},{""application"":""Microsoft.Windows.Explorer"",""platform"":""packageId""},{""application"":"""",""platform"":""alternateId""}]",1,,yKkaAqUvs/IS/KZSmJJ1jiAcGNCQ7e/O3LIeT2rt58c=,,America/Los_Angeles
f1a52f79-85ed-d77e-dda5-1a0733cd3dc4,5,ExecuteOpen,Microsoft.Windows.Shell.RunDialog,Run,,"{""displayText"":""Run"",""activationUri"":""ms-shellactivity:"",""appDisplayName"":""Run"",""backgroundColor"":""black""}",,2025-06-04 11:39:31,,,2025-06-04 11:39:31,2025-06-04 12:32:30,2025-06-04 12:32:30,2025-07-04 12:32:30,2025-07-04 12:32:30,59,"[{""application"":""Microsoft.Windows.Shell.RunDialog"",""platform"":""windows_win32""},{""application"":""Microsoft.Windows.Shell.RunDialog"",""platform"":""packageId""},{""application"":"""",""platform"":""alternateId""}]",1,,yKkaAqUvs/IS/KZSmJJ1jiAcGNCQ7e/O3LIeT2rt58c=,,
0721ba49-e2fd-4fd4-d052-bde4f74b895d,6,InFocus,Microsoft.Windows.Shell.RunDialog,,,"{""type"":""UserEngaged"",""reportingApp"":""ShellActivityMonitor"",""activeDurationSeconds"":10,""shellContentDescription"":{""MergedGap"":600,""ActivityEngagementFlags"":3},""userTimezone"":""America/Los_Angeles""}",,2025-06-04 11:39:31,2025-06-04 11:39:51,00:00:20,2025-06-04 11:39:39,2025-06-04 12:32:30,2025-06-04 12:32:30,2025-07-04 12:32:30,2025-07-04 12:32:30,61,"[{""application"":""Microsoft.Windows.Shell.RunDialog"",""platform"":""windows_win32""},{""application"":""Microsoft.Windows.Shell.RunDialog"",""platform"":""packageId""},{""application"":"""",""platform"":""alternateId""}]",1,,yKkaAqUvs/IS/KZSmJJ1jiAcGNCQ7e/O3LIeT2rt58c=,,America/Los_Angeles
17b9cdd9-5aac-93ed-1853-39b6f24ca8a8,5,ExecuteOpen,System\mshta.exe,mshta.exe,,"{""displayText"":""mshta.exe"",""activationUri"":""ms-shellactivity:"",""appDisplayName"":""mshta.exe"",""backgroundColor"":""black""}",,2025-06-04 11:39:52,,,2025-06-04 11:39:52,2025-06-04 12:32:30,2025-06-04 12:32:30,2025-07-04 12:32:30,2025-07-04 12:32:30,62,"[{""application"":""{1AC14E77-02E7-4E5D-B744-2EB1AE5198B7}\\mshta.exe"",""platform"":""x_exe_path""},{""application"":""{D65231B0-B2F1-4857-A4CE-A8E7C6EA7D27}\\mshta.exe"",""platform"":""x_exe_path""},{""application"":""{1AC14E77-02E7-4E5D-B744-2EB1AE5198B7}\\mshta.exe"",""platform"":""packageId""},{""application"":"""",""platform"":""alternateId""}]",1,,yKkaAqUvs/IS/KZSmJJ1jiAcGNCQ7e/O3LIeT2rt58c=,,
b6aba7bb-91aa-95dc-d1da-9a771db44b9c,6,InFocus,System\mshta.exe,,,"{""type"":""UserEngaged"",""reportingApp"":""ShellActivityMonitor"",""activeDurationSeconds"":5,""shellContentDescription"":{""MergedGap"":600,""ActivityEngagementFlags"":3},""userTimezone"":""America/Los_Angeles""}",,2025-06-04 11:39:52,2025-06-04 11:39:57,00:00:05,2025-06-04 11:39:57,2025-06-04 12:32:30,2025-06-04 12:32:30,2025-07-04 12:32:30,2025-07-04 12:32:30,63,"[{""application"":""{1AC14E77-02E7-4E5D-B744-2EB1AE5198B7}\\mshta.exe"",""platform"":""x_exe_path""},{""application"":""{D65231B0-B2F1-4857-A4CE-A8E7C6EA7D27}\\mshta.exe"",""platform"":""x_exe_path""},{""application"":""{1AC14E77-02E7-4E5D-B744-2EB1AE5198B7}\\mshta.exe"",""platform"":""packageId""},{""application"":"""",""platform"":""alternateId""}]",1,,yKkaAqUvs/IS/KZSmJJ1jiAcGNCQ7e/O3LIeT2rt58c=,,America/Los_Angeles
18f0a899-c64a-a803-6fb3-db417d255181,6,InFocus,Microsoft.Windows.Shell.RunDialog,,,"{""type"":""UserEngaged"",""reportingApp"":""ShellActivityMonitor"",""activeDurationSeconds"":2,""shellContentDescription"":{""MergedGap"":600,""ActivityEngagementFlags"":3},""userTimezone"":""America/Los_Angeles""}",,2025-06-04 11:40:10,2025-06-04 11:40:12,00:00:02,2025-06-04 11:40:12,2025-06-04 12:32:30,2025-06-04 12:32:30,2025-07-04 12:32:30,2025-07-04 12:32:30,65,"[{""application"":""Microsoft.Windows.Shell.RunDialog"",""platform"":""windows_win32""},{""application"":""Microsoft.Windows.Shell.RunDialog"",""platform"":""packageId""},{""application"":"""",""platform"":""alternateId""}]",1,,yKkaAqUvs/IS/KZSmJJ1jiAcGNCQ7e/O3LIeT2rt58c=,,America/Los_Angeles
cc8aba75-ccf7-16d4-e0d6-42231af484fe,5,ExecuteOpen,C:\Users\Machine\Desktop\kape\KAPE\kape.exe,kape.exe,,"{""displayText"":""kape.exe"",""activationUri"":""ms-shellactivity:"",""appDisplayName"":""kape.exe"",""backgroundColor"":""black""}",,2025-06-04 11:41:11,,,2025-06-04 11:41:11,2025-06-04 12:32:30,2025-06-04 12:32:30,2025-07-04 12:32:30,2025-07-04 12:32:30,66,"[{""application"":""C:\\Users\\Machine\\Desktop\\kape\\KAPE\\kape.exe"",""platform"":""x_exe_path""},{""application"":""C:\\Users\\Machine\\Desktop\\kape\\KAPE\\kape.exe"",""platform"":""packageId""},{""application"":"""",""platform"":""alternateId""}]",1,,yKkaAqUvs/IS/KZSmJJ1jiAcGNCQ7e/O3LIeT2rt58c=,,
698584cc-5c41-8b1a-743e-0ca9ac2be224,6,InFocus,C:\Users\Machine\Desktop\kape\KAPE\kape.exe,,,"{""type"":""UserEngaged"",""reportingApp"":""ShellActivityMonitor"",""activeDurationSeconds"":6,""shellContentDescription"":{""MergedGap"":600,""ActivityEngagementFlags"":3},""userTimezone"":""America/Los_Angeles""}",,2025-06-04 11:41:11,2025-06-04 11:41:17,00:00:06,2025-06-04 11:41:17,2025-06-04 12:32:30,2025-06-04 12:32:30,2025-07-04 12:32:30,2025-07-04 12:32:30,67,"[{""application"":""C:\\Users\\Machine\\Desktop\\kape\\KAPE\\kape.exe"",""platform"":""x_exe_path""},{""application"":""C:\\Users\\Machine\\Desktop\\kape\\KAPE\\kape.exe"",""platform"":""packageId""},{""application"":"""",""platform"":""alternateId""}]",1,,yKkaAqUvs/IS/KZSmJJ1jiAcGNCQ7e/O3LIeT2rt58c=,,America/Los_Angeles
9b53fee9-cd46-94c3-179f-6e8da3a3b90b,5,ExecuteOpen,C:\Users\Machine\Desktop\kape\KAPE\gkape.exe,gkape.exe,,"{""displayText"":""gkape.exe"",""activationUri"":""ms-shellactivity:"",""appDisplayName"":""gkape.exe"",""backgroundColor"":""black""}",,2025-06-04 11:41:47,,,2025-06-04 11:41:47,2025-06-04 12:32:30,2025-06-04 12:32:30,2025-07-04 12:32:30,2025-07-04 12:32:30,68,"[{""application"":""C:\\Users\\Machine\\Desktop\\kape\\KAPE\\gkape.exe"",""platform"":""x_exe_path""},{""application"":""C:\\Users\\Machine\\Desktop\\kape\\KAPE\\gkape.exe"",""platform"":""packageId""},{""application"":"""",""platform"":""alternateId""}]",1,,yKkaAqUvs/IS/KZSmJJ1jiAcGNCQ7e/O3LIeT2rt58c=,,
2a8a378f-1072-3326-a470-bf107af4abcb,5,ExecuteOpen,System\notepad.exe,2025-06-04T11_43_00_3202908_ConsoleLog.txt (Notepad),C:\Users\Machine\Downloads\2025-06-04T11_43_00_3202908_ConsoleLog.txt (file:Unmapped GUID: //C:/Users/Machine/Downloads/2025-0604T11_43_00_3202908_ConsoleLog.txt?VolumeId={D01D9D6C-C3EB-49FF-8F5D-5368B0A86347}&ObjectId={B9A451DE-4134-11F0-8E24-000C290DF0E0}&KnownFolderId=Local Downloads&KnownFolderLength=26),"{""displayText"":""2025-06-04T11_43_00_3202908_ConsoleLog.txt"",""activationUri"":""ms-shellactivity:"",""appDisplayName"":""Notepad"",""description"":""C:\\Users\\Machine\\Downloads\\2025-06-04T11_43_00_3202908_ConsoleLog.txt"",""backgroundColor"":""black"",""contentUri"":""file:///C:/Users/Machine/Downloads/2025-06-04T11_43_00_3202908_ConsoleLog.txt?VolumeId={D01D9D6C-C3EB-49FF-8F5D-5368B0A86347}&ObjectId={B9A451DE-4134-11F0-8E24-000C290DF0E0}&KnownFolderId=Local Downloads&KnownFolderLength=26""}",,2025-06-04 11:43:23,,,2025-06-04 11:43:23,2025-06-04 12:32:30,2025-06-04 12:32:30,2025-07-04 12:32:30,2025-07-04 12:32:30,69,"[{""application"":""{1AC14E77-02E7-4E5D-B744-2EB1AE5198B7}\\notepad.exe"",""platform"":""windows_win32""},{""application"":""{D65231B0-B2F1-4857-A4CE-A8E7C6EA7D27}\\notepad.exe"",""platform"":""windows_win32""},{""application"":""{1AC14E77-02E7-4E5D-B744-2EB1AE5198B7}\\notepad.exe"",""platform"":""packageId""},{""application"":"""",""platform"":""alternateId""}]",1,,yKkaAqUvs/IS/KZSmJJ1jiAcGNCQ7e/O3LIeT2rt58c=,,
830033b3-1700-8a1b-cf5d-7c6f8ad43d06,6,InFocus,System\notepad.exe,,,"{""type"":""UserEngaged"",""reportingApp"":""ShellActivityMonitor"",""activeDurationSeconds"":1,""shellContentDescription"":{""MergedGap"":600,""ActivityEngagementFlags"":3},""userTimezone"":""America/Los_Angeles""}",,2025-06-04 11:43:23,2025-06-04 11:43:24,00:00:01,2025-06-04 11:43:23,2025-06-04 12:32:30,2025-06-04 12:32:30,2025-07-04 12:32:30,2025-07-04 12:32:30,70,"[{""application"":""{1AC14E77-02E7-4E5D-B744-2EB1AE5198B7}\\notepad.exe"",""platform"":""windows_win32""},{""application"":""{D65231B0-B2F1-4857-A4CE-A8E7C6EA7D27}\\notepad.exe"",""platform"":""windows_win32""},{""application"":""{1AC14E77-02E7-4E5D-B744-2EB1AE5198B7}\\notepad.exe"",""platform"":""packageId""},{""application"":"""",""platform"":""alternateId""}]",1,,yKkaAqUvs/IS/KZSmJJ1jiAcGNCQ7e/O3LIeT2rt58c=,,America/Los_Angeles
3c15caea-1fba-f7a7-f1a8-0c9b73b259ea,6,InFocus,C:\Users\Machine\Desktop\kape\KAPE\kape.exe,,,"{""type"":""UserEngaged"",""reportingApp"":""ShellActivityMonitor"",""activeDurationSeconds"":22,""shellContentDescription"":{""MergedGap"":600,""ActivityEngagementFlags"":3},""userTimezone"":""America/Los_Angeles""}",,2025-06-04 11:42:59,2025-06-04 11:43:31,00:00:32,2025-06-04 11:43:16,2025-06-04 12:32:30,2025-06-04 12:32:30,2025-07-04 12:32:30,2025-07-04 12:32:30,71,"[{""application"":""C:\\Users\\Machine\\Desktop\\kape\\KAPE\\kape.exe"",""platform"":""x_exe_path""},{""application"":""C:\\Users\\Machine\\Desktop\\kape\\KAPE\\kape.exe"",""platform"":""packageId""},{""application"":"""",""platform"":""alternateId""}]",1,,yKkaAqUvs/IS/KZSmJJ1jiAcGNCQ7e/O3LIeT2rt58c=,,America/Los_Angeles
9d35c728-9906-db3b-3661-29e2ffdfe504,6,InFocus,C:\Users\Machine\Desktop\kape\KAPE\kape.exe,,,"{""type"":""UserEngaged"",""reportingApp"":""ShellActivityMonitor"",""activeDurationSeconds"":15,""shellContentDescription"":{""MergedGap"":600,""ActivityEngagementFlags"":3},""userTimezone"":""America/Los_Angeles""}",,2025-06-04 11:43:50,2025-06-04 11:44:05,00:00:15,2025-06-04 11:44:06,2025-06-04 12:32:30,2025-06-04 12:32:30,2025-07-04 12:32:30,2025-07-04 12:32:30,72,"[{""application"":""C:\\Users\\Machine\\Desktop\\kape\\KAPE\\kape.exe"",""platform"":""x_exe_path""},{""application"":""C:\\Users\\Machine\\Desktop\\kape\\KAPE\\kape.exe"",""platform"":""packageId""},{""application"":"""",""platform"":""alternateId""}]",1,,yKkaAqUvs/IS/KZSmJJ1jiAcGNCQ7e/O3LIeT2rt58c=,,America/Los_Angeles
15323702-3270-c3c1-19a0-48dde5e2398c,6,InFocus,C:\Users\Machine\Desktop\kape\KAPE\kape.exe,,,"{""type"":""UserEngaged"",""reportingApp"":""ShellActivityMonitor"",""activeDurationSeconds"":105,""shellContentDescription"":{""MergedGap"":600,""ActivityEngagementFlags"":3},""userTimezone"":""America/Los_Angeles""}",,2025-06-04 11:44:17,2025-06-04 11:46:02,00:01:45,2025-06-04 11:46:02,2025-06-04 12:32:30,2025-06-04 12:32:30,2025-07-04 12:32:30,2025-07-04 12:32:30,73,"[{""application"":""C:\\Users\\Machine\\Desktop\\kape\\KAPE\\kape.exe"",""platform"":""x_exe_path""},{""application"":""C:\\Users\\Machine\\Desktop\\kape\\KAPE\\kape.exe"",""platform"":""packageId""},{""application"":"""",""platform"":""alternateId""}]",1,,yKkaAqUvs/IS/KZSmJJ1jiAcGNCQ7e/O3LIeT2rt58c=,,America/Los_Angeles
7b34a4a8-829a-a88e-99cc-d971bd5edb48,6,InFocus,C:\Users\Machine\Desktop\kape\KAPE\gkape.exe,,,"{""type"":""UserEngaged"",""reportingApp"":""ShellActivityMonitor"",""activeDurationSeconds"":105,""shellContentDescription"":{""MergedGap"":600,""ActivityEngagementFlags"":1},""userTimezone"":""America/Los_Angeles""}",,2025-06-04 11:41:47,2025-06-04 11:46:05,00:04:18,2025-06-04 11:42:59,2025-06-04 12:32:30,2025-06-04 12:32:30,2025-07-04 12:32:30,2025-07-04 12:32:30,74,"[{""application"":""C:\\Users\\Machine\\Desktop\\kape\\KAPE\\gkape.exe"",""platform"":""x_exe_path""},{""application"":""C:\\Users\\Machine\\Desktop\\kape\\KAPE\\gkape.exe"",""platform"":""packageId""},{""application"":"""",""platform"":""alternateId""}]",1,,yKkaAqUvs/IS/KZSmJJ1jiAcGNCQ7e/O3LIeT2rt58c=,,America/Los_Angeles
d6332500-749d-71d6-6b61-04c1820358f1,6,InFocus,Microsoft.Windows.Explorer,,,"{""type"":""UserEngaged"",""reportingApp"":""ShellActivityMonitor"",""activeDurationSeconds"":39,""shellContentDescription"":{""MergedGap"":600,""ActivityEngagementFlags"":1},""userTimezone"":""America/Los_Angeles""}",,2025-06-04 11:41:07,2025-06-04 11:46:10,00:05:03,2025-06-04 11:41:11,2025-06-04 12:32:30,2025-06-04 12:32:30,2025-07-04 12:32:30,2025-07-04 12:32:30,75,"[{""application"":""Microsoft.Windows.Explorer"",""platform"":""windows_win32""},{""application"":""Microsoft.Windows.Explorer"",""platform"":""packageId""},{""application"":"""",""platform"":""alternateId""}]",1,,yKkaAqUvs/IS/KZSmJJ1jiAcGNCQ7e/O3LIeT2rt58c=,,America/Los_Angeles
4564d892-581f-9b7e-f559-6dadc11fa521,6,InFocus,Microsoft.Windows.Shell.RunDialog,,,"{""type"":""UserEngaged"",""reportingApp"":""ShellActivityMonitor"",""activeDurationSeconds"":5,""shellContentDescription"":{""MergedGap"":600,""ActivityEngagementFlags"":3},""userTimezone"":""America/Los_Angeles""}",,2025-06-04 11:46:44,2025-06-04 11:46:49,00:00:05,2025-06-04 11:46:49,2025-06-04 12:32:30,2025-06-04 12:32:30,2025-07-04 12:32:30,2025-07-04 12:32:30,76,"[{""application"":""Microsoft.Windows.Shell.RunDialog"",""platform"":""windows_win32""},{""application"":""Microsoft.Windows.Shell.RunDialog"",""platform"":""packageId""},{""application"":"""",""platform"":""alternateId""}]",1,,yKkaAqUvs/IS/KZSmJJ1jiAcGNCQ7e/O3LIeT2rt58c=,,America/Los_Angeles
084455e7-2ad3-70d9-b45d-5c28f59c73d5,6,InFocus,Microsoft.Windows.Explorer,,,"{""type"":""UserEngaged"",""reportingApp"":""ShellActivityMonitor"",""activeDurationSeconds"":71,""shellContentDescription"":{""MergedGap"":600,""ActivityEngagementFlags"":0},""userTimezone"":""America/Los_Angeles""}",,2025-06-04 11:41:03,2025-06-04 11:47:21,00:06:18,2025-06-04 11:43:23,2025-06-04 12:32:30,2025-06-04 12:32:30,2025-07-04 12:32:30,2025-07-04 12:32:30,77,"[{""application"":""Microsoft.Windows.Explorer"",""platform"":""windows_win32""},{""application"":""Microsoft.Windows.Explorer"",""platform"":""packageId""},{""application"":"""",""platform"":""alternateId""}]",1,,yKkaAqUvs/IS/KZSmJJ1jiAcGNCQ7e/O3LIeT2rt58c=,,America/Los_Angeles
c9d0f12d-f2e4-9a74-d5ba-a6af9b69d7e8,6,InFocus,Chrome,,,"{""type"":""UserEngaged"",""reportingApp"":""ShellActivityMonitor"",""activeDurationSeconds"":627,""shellContentDescription"":{""MergedGap"":600,""ActivityEngagementFlags"":1},""userTimezone"":""America/Los_Angeles""}",,2025-06-04 11:30:45,2025-06-04 11:47:50,00:17:05,2025-06-04 11:39:31,2025-06-04 12:32:30,2025-06-04 12:32:30,2025-07-04 12:32:30,2025-07-04 12:32:30,78,"[{""application"":""Chrome"",""platform"":""windows_win32""},{""application"":""Chrome"",""platform"":""packageId""},{""application"":"""",""platform"":""alternateId""}]",1,,yKkaAqUvs/IS/KZSmJJ1jiAcGNCQ7e/O3LIeT2rt58c=,,America/Los_Angeles
6e9f7e6f-4bc7-7856-84c0-062a3212cd11,6,InFocus,Microsoft.Windows.Shell.RunDialog,,,"{""type"":""UserEngaged"",""reportingApp"":""ShellActivityMonitor"",""activeDurationSeconds"":2,""shellContentDescription"":{""MergedGap"":600,""ActivityEngagementFlags"":3},""userTimezone"":""America/Los_Angeles""}",,2025-06-04 11:47:52,2025-06-04 11:47:54,00:00:02,2025-06-04 11:47:55,2025-06-04 12:32:30,2025-06-04 12:32:30,2025-07-04 12:32:30,2025-07-04 12:32:30,79,"[{""application"":""Microsoft.Windows.Shell.RunDialog"",""platform"":""windows_win32""},{""application"":""Microsoft.Windows.Shell.RunDialog"",""platform"":""packageId""},{""application"":"""",""platform"":""alternateId""}]",1,,yKkaAqUvs/IS/KZSmJJ1jiAcGNCQ7e/O3LIeT2rt58c=,,America/Los_Angeles
011c2952-e167-5859-92fa-0c627dabd441,6,InFocus,Microsoft.Windows.Explorer,,,"{""type"":""UserEngaged"",""reportingApp"":""ShellActivityMonitor"",""activeDurationSeconds"":578,""shellContentDescription"":{""MergedGap"":600,""ActivityEngagementFlags"":1},""userTimezone"":""America/Los_Angeles""}",,2025-06-04 11:47:50,2025-06-04 11:57:31,00:09:41,2025-06-04 11:47:52,2025-06-04 12:32:30,2025-06-04 12:32:30,2025-07-04 12:32:30,2025-07-04 12:32:30,82,"[{""application"":""Microsoft.Windows.Explorer"",""platform"":""windows_win32""},{""application"":""Microsoft.Windows.Explorer"",""platform"":""packageId""},{""application"":"""",""platform"":""alternateId""}]",1,,yKkaAqUvs/IS/KZSmJJ1jiAcGNCQ7e/O3LIeT2rt58c=,,America/Los_Angeles
e9ed31cc-4581-651a-e065-d43d2c0f506a,6,InFocus,Microsoft.Windows.Explorer,,,"{""type"":""UserEngaged"",""reportingApp"":""ShellActivityMonitor"",""activeDurationSeconds"":5,""shellContentDescription"":{""MergedGap"":600,""ActivityEngagementFlags"":0},""userTimezone"":""America/Los_Angeles""}",,2025-06-04 11:57:34,2025-06-04 11:57:39,00:00:05,2025-06-04 11:57:39,2025-06-04 12:32:30,2025-06-04 12:32:30,2025-07-04 12:32:30,2025-07-04 12:32:30,83,"[{""application"":""Microsoft.Windows.Explorer"",""platform"":""windows_win32""},{""application"":""Microsoft.Windows.Explorer"",""platform"":""packageId""},{""application"":"""",""platform"":""alternateId""}]",1,,yKkaAqUvs/IS/KZSmJJ1jiAcGNCQ7e/O3LIeT2rt58c=,,America/Los_Angeles
61d01ace-c009-decc-157f-2f908bb3b9ea,6,InFocus,Microsoft.Windows.Shell.RunDialog,,,"{""type"":""UserEngaged"",""reportingApp"":""ShellActivityMonitor"",""activeDurationSeconds"":4,""shellContentDescription"":{""MergedGap"":600,""ActivityEngagementFlags"":3},""userTimezone"":""America/Los_Angeles""}",,2025-06-04 11:57:39,2025-06-04 11:57:43,00:00:04,2025-06-04 11:57:43,2025-06-04 12:32:30,2025-06-04 12:32:30,2025-07-04 12:32:30,2025-07-04 12:32:30,84,"[{""application"":""Microsoft.Windows.Shell.RunDialog"",""platform"":""windows_win32""},{""application"":""Microsoft.Windows.Shell.RunDialog"",""platform"":""packageId""},{""application"":"""",""platform"":""alternateId""}]",1,,yKkaAqUvs/IS/KZSmJJ1jiAcGNCQ7e/O3LIeT2rt58c=,,America/Los_Angeles
75724b76-9eb4-2e30-24e7-2531ace63c4d,6,InFocus,Microsoft.Windows.Explorer,,,"{""type"":""UserEngaged"",""reportingApp"":""ShellActivityMonitor"",""activeDurationSeconds"":14,""shellContentDescription"":{""MergedGap"":600,""ActivityEngagementFlags"":3},""userTimezone"":""America/Los_Angeles""}",,2025-06-04 11:57:44,2025-06-04 11:57:58,00:00:14,2025-06-04 11:57:58,2025-06-04 12:32:30,2025-06-04 12:32:30,2025-07-04 12:32:30,2025-07-04 12:32:30,85,"[{""application"":""Microsoft.Windows.Explorer"",""platform"":""windows_win32""},{""application"":""Microsoft.Windows.Explorer"",""platform"":""packageId""},{""application"":"""",""platform"":""alternateId""}]",1,,yKkaAqUvs/IS/KZSmJJ1jiAcGNCQ7e/O3LIeT2rt58c=,,America/Los_Angeles
f615f52d-1a96-f395-51bc-f78bd281a196,6,InFocus,windows.immersivecontrolpanel_cw5n1h2txyewy!microsoft.windows.immersivecontrolpanel,,,"{""type"":""UserEngaged"",""reportingApp"":""ShellActivityMonitor"",""activeDurationSeconds"":26,""shellContentDescription"":{""MergedGap"":600,""ActivityEngagementFlags"":3},""userTimezone"":""America/Los_Angeles""}",,2025-06-04 12:05:08,2025-06-04 12:05:34,00:00:26,2025-06-04 12:05:34,2025-06-04 12:32:30,2025-06-04 12:32:30,2025-07-04 12:32:30,2025-07-04 12:32:30,87,"[{""application"":""windows.immersivecontrolpanel_cw5n1h2txyewy!microsoft.windows.immersivecontrolpanel"",""platform"":""windows_universal""},{""application"":""windows.immersivecontrolpanel_cw5n1h2txyewy!microsoft.windows.immersivecontrolpanel"",""platform"":""packageId""},{""application"":"""",""platform"":""alternateId""}]",1,,yKkaAqUvs/IS/KZSmJJ1jiAcGNCQ7e/O3LIeT2rt58c=,,America/Los_Angeles
189632b2-b874-4906-7c60-d0737f3f1af9,6,InFocus,Microsoft.Windows.Explorer,,,"{""type"":""UserEngaged"",""reportingApp"":""ShellActivityMonitor"",""activeDurationSeconds"":120,""shellContentDescription"":{""MergedGap"":600,""ActivityEngagementFlags"":1},""userTimezone"":""America/Los_Angeles""}",,2025-06-04 12:13:07,2025-06-04 12:15:30,00:02:23,2025-06-04 12:13:31,2025-06-04 12:32:30,2025-06-04 12:32:30,2025-07-04 12:32:30,2025-07-04 12:32:30,89,"[{""application"":""Microsoft.Windows.Explorer"",""platform"":""windows_win32""},{""application"":""Microsoft.Windows.Explorer"",""platform"":""packageId""},{""application"":"""",""platform"":""alternateId""}]",1,,yKkaAqUvs/IS/KZSmJJ1jiAcGNCQ7e/O3LIeT2rt58c=,,America/Los_Angeles
6956d9c9-9079-d8af-1abb-794160950dda,6,InFocus,Microsoft.Windows.Explorer,,,"{""type"":""UserEngaged"",""reportingApp"":""ShellActivityMonitor"",""activeDurationSeconds"":759,""shellContentDescription"":{""MergedGap"":600,""ActivityEngagementFlags"":1},""userTimezone"":""America/Los_Angeles""}",,2025-06-04 11:59:51,2025-06-04 12:15:59,00:16:08,2025-06-04 12:04:08,2025-06-04 12:32:30,2025-06-04 12:32:30,2025-07-04 12:32:30,2025-07-04 12:32:30,90,"[{""application"":""Microsoft.Windows.Explorer"",""platform"":""windows_win32""},{""application"":""Microsoft.Windows.Explorer"",""platform"":""packageId""},{""application"":"""",""platform"":""alternateId""}]",1,,yKkaAqUvs/IS/KZSmJJ1jiAcGNCQ7e/O3LIeT2rt58c=,,America/Los_Angeles
797000fb-8290-6f83-4c39-d94b1da64a7e,6,InFocus,windows.immersivecontrolpanel_cw5n1h2txyewy!microsoft.windows.immersivecontrolpanel,,,"{""type"":""UserEngaged"",""reportingApp"":""ShellActivityMonitor"",""activeDurationSeconds"":1061,""shellContentDescription"":{""MergedGap"":600,""ActivityEngagementFlags"":3},""userTimezone"":""America/Los_Angeles""}",,2025-06-04 12:14:51,2025-06-04 12:33:22,00:18:31,2025-06-04 12:15:09,2025-06-04 12:33:22,2025-06-04 12:33:22,2025-07-04 12:33:22,2025-07-04 12:33:22,91,"[{""application"":""windows.immersivecontrolpanel_cw5n1h2txyewy!microsoft.windows.immersivecontrolpanel"",""platform"":""windows_universal""},{""application"":""windows.immersivecontrolpanel_cw5n1h2txyewy!microsoft.windows.immersivecontrolpanel"",""platform"":""packageId""},{""application"":"""",""platform"":""alternateId""}]",1,,yKkaAqUvs/IS/KZSmJJ1jiAcGNCQ7e/O3LIeT2rt58c=,,America/Los_Angeles
259e44d8-b921-ea1c-5a98-85782d5891c8,6,InFocus,windows.immersivecontrolpanel_cw5n1h2txyewy!microsoft.windows.immersivecontrolpanel,,,"{""type"":""UserEngaged"",""reportingApp"":""ShellActivityMonitor"",""activeDurationSeconds"":179,""shellContentDescription"":{""MergedGap"":600,""ActivityEngagementFlags"":1},""userTimezone"":""America/Los_Angeles""}",,2025-06-04 12:33:27,2025-06-04 12:36:26,00:02:59,2025-06-04 12:36:26,2025-06-04 12:36:26,2025-06-04 12:36:26,2025-07-04 12:36:26,2025-07-04 12:36:26,93,"[{""application"":""windows.immersivecontrolpanel_cw5n1h2txyewy!microsoft.windows.immersivecontrolpanel"",""platform"":""windows_universal""},{""application"":""windows.immersivecontrolpanel_cw5n1h2txyewy!microsoft.windows.immersivecontrolpanel"",""platform"":""packageId""},{""application"":"""",""platform"":""alternateId""}]",1,,yKkaAqUvs/IS/KZSmJJ1jiAcGNCQ7e/O3LIeT2rt58c=,,America/Los_Angeles
